site,date,n_bands,mean_h,median_h,pct_lt2h,pct_zero
Rio das Pedras,03-20,275810,2.1138452799632597,2.0,48.69584134005294,36.40078314781915
Rio das Pedras,06-21,275810,1.2589808201297994,0.0,73.85011420905695,64.64232623907763
Rio das Pedras,09-22,275810,2.1168310310237723,2.0,48.7016424350096,36.24669156303252
Rio das Pedras,12-21,275810,2.784327979406113,3.0,35.06363076030601,19.502918675900077
Rocinha,03-20,375367,1.4588269613471616,0.0,64.39777604317908,52.03813867495012
Rocinha,06-21,375367,0.8558570678828986,0.0,80.3283186854465,72.45282616745745
Rocinha,09-22,375367,1.4129718382276546,0.0,64.80404510785445,52.92793452807519
Rocinha,12-21,375367,1.8335175974446343,1.0,57.00021578881468,39.05058249659666
Complexo do Alemão,03-20,471449,2.2775800422385735,2.0,47.38094682563755,36.61180742773873
Complexo do Alemão,06-21,471449,1.3868306363289913,0.0,70.37410197073278,61.585028285137945
Complexo do Alemão,09-22,471449,2.278747542151961,2.0,47.454973920827065,36.67607736998064
Complexo do Alemão,12-21,471449,3.088282260293973,3.0,36.849797114852294,22.74710520119886
Maré,03-20,777416,2.237011994436269,1.0,50.14985541846322,39.00498574765634
Maré,06-21,777416,1.4448875076749987,0.0,69.1319705280056,62.10523066157629
Maré,09-22,777378,2.2513042775415135,1.0,50.10586870222723,38.88455809143042
Maré,12-21,777378,2.823584965529425,2.0,36.7931688316366,21.90877539626797
