site,date,rows_raw,bands,dup_extra_rows,dup_groups,dup_groups_differing
Complexo do Alemão,03-20,472124,471449,675,631,436
Complexo do Alemão,06-21,472124,471449,675,631,305
Complexo do Alemão,09-22,472124,471449,675,631,432
Complexo do Alemão,12-21,472124,471449,675,631,467
Maré,03-20,784239,777416,6823,6496,4292
Maré,06-21,784239,777416,6823,6496,3364
Maré,09-22,784201,777378,6823,6496,4326
Maré,12-21,784201,777378,6823,6496,4718
Rio das Pedras,03-20,276015,275810,205,177,104
Rio das Pedras,06-21,276015,275810,205,177,70
Rio das Pedras,09-22,276015,275810,205,177,106
Rio das Pedras,12-21,276015,275810,205,177,125
Rocinha,03-20,375574,375367,207,207,91
Rocinha,06-21,375574,375367,207,207,69
Rocinha,09-22,375574,375367,207,207,84
Rocinha,12-21,375574,375367,207,207,112
