site,bands,pct_zero_0621,pct_lt2h_0621,floor,pct_persistent_zero
Rio das Pedras,78156,64.45954245355443,73.79727724039101,0,11.241619325451662
Rio das Pedras,75145,64.44340940847695,73.74941779226828,1,11.411271541686073
Rio das Pedras,62802,64.82118403872488,74.10114327569187,2,11.06811884971816
Rio das Pedras,39670,65.27098563145954,74.05596168389211,3,11.411646080161331
Rio das Pedras,20037,64.29605230323901,73.2395069122124,4+,10.540500074861505
Rocinha,114259,72.0660954498114,80.20374762600758,0,28.372382044302856
Rocinha,107103,72.76360139305154,80.4832731109306,1,28.877809211693418
Rocinha,83327,72.45790680091687,80.49851788735944,2,29.329029006204472
Rocinha,46512,72.43077055383557,80.14705882352942,3,28.728070175438596
Rocinha,24166,72.92890838367954,79.99255151866258,4+,27.580071174377224
Complexo do Alemão,193531,61.373630064434124,70.33395166665805,0,12.551477541065772
Complexo do Alemão,168978,61.64944548994543,70.37720886742653,1,12.51760584218064
Complexo do Alemão,86235,61.938887922537255,70.70678958659477,2,12.298950542123267
Complexo do Alemão,20879,61.28646007950572,69.36634896307294,3,11.786962977154078
Complexo do Alemão,1826,64.73165388828039,70.15334063526835,4+,11.007667031763416
Maré,260596,62.10072295814211,69.04902607868118,0,9.348398437200164
Maré,241911,61.9302140043239,68.9555249657932,1,9.681246408803238
Maré,171505,62.41450686568905,69.45919944024955,2,10.206699513133728
Maré,80392,62.70524430291571,69.63379440740373,3,10.591849935316947
Maré,23012,59.59499391621762,67.73422562141491,4+,9.477663827568225
