site,cls,buildings,bands,mean_attached_frac,pct_bands_persistent_zero
Rio das Pedras,isolated(<2%),253,9635,9.462048264532884e-05,12.745199792423456
Rio das Pedras,2-25%,294,8490,0.17294713486510926,14.346289752650177
Rio das Pedras,25-50%,1048,28286,0.38553665514035307,10.535247118715972
Rio das Pedras,>=50%,9125,229399,0.7797198872431534,11.126901163474994
Rocinha,isolated(<2%),412,8926,0.0005174100174615401,30.607214877884832
Rocinha,2-25%,824,20228,0.16367699059043103,31.748071979434446
Rocinha,25-50%,2792,75342,0.38648344498140896,29.826657110243953
Rocinha,>=50%,9736,270871,0.7586776864569456,28.12667284426904
Complexo do Alemão,isolated(<2%),3324,55842,0.0005483433342730637,13.160345259840264
Complexo do Alemão,2-25%,3813,83682,0.15268962997508412,13.262111326211132
Complexo do Alemão,25-50%,6807,153916,0.37299492245846533,12.11829829257517
Complexo do Alemão,>=50%,7776,178009,0.6753737850064151,12.14095916498604
Maré,isolated(<2%),1515,32533,0.0002881418918844736,7.309501121937725
Maré,2-25%,1343,29250,0.16376810287857546,7.343589743589743
Maré,25-50%,6726,136789,0.3961534915022716,9.19225961151847
Maré,>=50%,27577,578806,0.7482265851163453,10.172493028752294
