site,fg,buildings,bands,pct_bands_persistent_zero
Complexo do Alemão,1 floor,2755,24530,13.257236037505097
Complexo do Alemão,2 floors,9064,165491,13.003728299424138
Complexo do Alemão,3-4 floors,9685,272538,12.137756936647367
Complexo do Alemão,5+ floors,216,8890,9.662542182227222
Maré,1 floor,2547,18608,6.561693895098882
Maré,2 floors,9839,140715,8.32249582489429
Maré,3-4 floors,21937,517447,10.273902447980179
Maré,5+ floors,2838,100608,9.825262404580153
Rio das Pedras,1 floor,417,2998,10.67378252168112
Rio das Pedras,2 floors,1629,24619,11.710467525082253
Rio das Pedras,3-4 floors,6689,173232,11.376650965179644
Rio das Pedras,5+ floors,1985,74961,10.725577300196102
Rocinha,1 floor,887,7156,27.57126886528787
Rocinha,2 floors,2847,47542,27.96474696058222
Rocinha,3-4 floors,7807,226467,29.209553709812024
Rocinha,5+ floors,2223,94202,28.019574955945732
