site,n_constraints,cells,share_of_cells,point_deficit,cell_deficit
vidigal,0,554,0.20473022912047303,0.47942749644855487,0.45306859205776173
vidigal,1,1074,0.3968957871396896,0.6228513944285479,0.6210428305400373
vidigal,2,889,0.32852919438285294,0.7054257845752959,0.7131608548931384
vidigal,3,189,0.06984478935698447,0.6497331869375901,0.656084656084656
rocinha,0,800,0.10639712727756351,0.28136984508326146,0.25625
rocinha,1,2222,0.29551802101343266,0.5296524866991776,0.5198019801980198
rocinha,2,3945,0.524670833887485,0.819159730851732,0.8238276299112801
rocinha,3,552,0.07341401782151882,0.7556592113359331,0.7481884057971014
complexo_do_alemao,0,2989,0.17355707815584717,0.16509631900777094,0.11843425894948144
complexo_do_alemao,1,6476,0.37603065846010914,0.35773325394769195,0.3247374922791847
complexo_do_alemao,2,5922,0.3438625014516316,0.5765496142115583,0.5623100303951368
complexo_do_alemao,3,1835,0.10654976193241203,0.662860305183452,0.667574931880109
riodaspedras,0,199,0.03751885369532428,0.1603510173107016,0.09045226130653267
riodaspedras,1,755,0.14234539969834087,0.28885097407044436,0.2503311258278146
riodaspedras,2,1574,0.29675716440422323,0.6416559264623748,0.6423125794155019
riodaspedras,3,2776,0.5233785822021116,0.8397154851126808,0.8440201729106628
maré,0,279,0.036394469084268195,0.3125738878712912,0.3118279569892473
maré,1,884,0.11531437516305766,0.5029484320900883,0.49095022624434387
maré,2,2501,0.32624576050091314,0.7669123300417089,0.7776889244302279
maré,3,4002,0.522045395251761,0.8394121337674071,0.8513243378310844
pooled,0,4821,0.11928149046193433,0.22885077240702256,0.1897946484131923
pooled,1,11411,0.2823316921097558,0.42285511129768727,0.39856279029007097
pooled,2,14831,0.3669495509315387,0.687819408114386,0.6857258445148675
pooled,3,9354,0.23143726649677115,0.7960925446878596,0.8030788967286723
